{
    "heading": 249.44882202148438,
    "coords": {
        "y": -2496.909912109375,
        "x": 859.7933959960938,
        "z": 28.3026123046875
    }
}